的		de5	đích		(trợ từ nối định ngữ với danh từ) của (vd. 我的书: sách của tôi; sau tính từ thường không dịch, vd. 好看的衣服: quần áo đẹp)/(trợ từ đặt sau từ ngữ để tạo cụm danh từ) cái …; người …; thứ … (vd. 新的: cái mới; 卖菜的: người bán rau)/(trợ từ cuối câu, nhấn mạnh; hay dùng trong mẫu 是…的 để nhấn mạnh thời gian, nơi chốn, cách thức của việc đã xảy ra, vd. 我是坐飞机来的: tôi đến bằng máy bay)		1	98	cur-ai
是		shi4	thị		là (nối với danh từ, cụm danh từ, vd. 我是学生: tôi là học sinh; trước tính từ thường không dùng 是, vd. 我很忙: tôi bận)/đúng; phải; đúng vậy (vd. 是的: đúng vậy)/(đáp lại mệnh lệnh, lễ phép) vâng; dạ; rõ/(nhấn mạnh) đúng là; quả thật (vd. 他是很忙: anh ấy đúng là rất bận)		1	92	cur-ai
在		zai4	tại		ở; tại (vd. 我在家: tôi ở nhà; 在北京工作: làm việc ở Bắc Kinh)/đang (đặt trước động từ, chỉ hành động đang diễn ra, vd. 他在看书: anh ấy đang đọc sách)/có mặt; có ở đó (vd. 王老师在吗?: thầy Vương có ở đây không?)/còn; còn sống; vẫn tồn tại (vd. 他爷爷还在: ông nội anh ấy vẫn còn sống)		1	92	cur-ai
了		le5	liễu		(trợ từ đặt sau động từ, chỉ hành động đã xong) đã; rồi (vd. 我买了一本书: tôi đã mua một cuốn sách)/(trợ từ cuối câu, chỉ sự thay đổi, tình huống mới) … rồi (vd. 下雨了: mưa rồi)/(trợ từ cuối câu, nhấn mạnh lời nói, hay đi với 太, 可; vd. 太好了: tốt quá)		1	91	cur-ai
我		wo3	ngã		tôi; mình; tớ… (ngôi thứ nhất số ít; tuỳ vai vế có thể nói anh, chị, em, con…)/(đặt trước danh từ) … của tôi; … tôi (vd. 我妈妈: mẹ tôi)		1	90	cur-ai
和		he2	hoà		(nối hai danh từ, đại từ) và; với; cùng (với)/(thể thao) hoà; hoà nhau/hài hoà; hoà thuận; ôn hoà/làm hoà; giảng hoà/(toán học) tổng/(trong từ ghép) Nhật Bản (vd. 和服: kimono)		1	89	cur-ai
不		bu4	bất		(phó từ phủ định, đặt trước động từ, tính từ) không; chẳng/không; không phải (dùng để trả lời phủ định)/(trong từ ghép) bất-; không		1	88	cur-ai
人		ren2	nhân		người; con người/Lượng từ: 个 (gè), 位 (wèi), 名 (míng)		1	87	cur-ai
也		ye3	dã		cũng (vd. 我也是学生: tôi cũng là học sinh)/(trong câu phủ định) cũng không; cũng chẳng (vd. 我也不知道: tôi cũng không biết)/(nhấn mạnh trường hợp cực đoan, bất ngờ) ngay cả … cũng; đến … cũng (vd. 一个人也没有: không có lấy một người)		1	87	cur-ai
你		ni3	nễ		bạn; anh; chị; em… (ngôi thứ hai số ít, cách nói thông thường; lịch sự hơn dùng 您)		1	87	cur-ai
他		ta1	tha		anh ấy; ông ấy; cậu ấy; nó… (ngôi thứ ba số ít, thường chỉ nam)/(đặt trước danh từ) … của anh ấy (vd. 他妈妈: mẹ anh ấy)/(trong từ ghép) khác (vd. 他人: người khác; 他日: ngày khác)		1	87	cur-ai
这	這	zhe4	giá		đây; cái này (vd. 这是我的书: đây là sách của tôi)/này (đặt trước lượng từ hoặc danh từ, vd. 这个人: người này; 这本书: quyển sách này)		1	87	cur-ai
中		zhong1	trung		trong; ở giữa; trong số (vd. 心中: trong lòng; 学生中: trong số học sinh)/giữa; chính giữa; trung tâm (vd. 中间: ở giữa)/trong khi; đang (làm gì, vd. 学习中: đang học)/(phương ngữ) được; ổn; được đấy		1	87	cur-ai
年		nian2	niên		năm (vd. 三年: ba năm; 今年: năm nay)		1	86	cur-ai
都		dou1	đô		(phó từ chỉ toàn bộ, đặt trước động từ) đều; tất cả; cả (vd. 我们都是学生: chúng tôi đều là học sinh)/(nhấn mạnh, thường trong 连…都) ngay cả; thậm chí; cũng/đã (vd. 都十点了: đã mười giờ rồi)/(dùng với phủ định) hoàn toàn (không); chẳng … chút nào		1	86	cur-ai
上		shang4	thượng		trên; phía trên; bên trên/(sau danh từ) trên; ở trên; trong (vd. 桌子上: trên bàn; 书上: trong sách)/trước (vd. 上星期: tuần trước; 上次: lần trước)/(phần) đầu; thứ nhất (trong nhiều phần) (vd. 上册: tập một)/lên; đi lên; trèo lên; lên (xe, tàu…) (vd. 上楼: lên lầu; 上车: lên xe)/đi (học); lên lớp (vd. 上课: lên lớp; 上大学: học đại học)/(sau động từ) … lên; … lại (vd. 爬上: trèo lên; 关上: đóng lại)		1	86	cur-ai
说	說	shuo1	thuyết		nói; nói chuyện; kể (vd. 说汉语: nói tiếng Trung)/giải thích; nói rõ; bình luận/mắng; trách; phê bình (vd. 妈妈说了他一顿: mẹ mắng nó một trận)/(trong từ ghép) thuyết; học thuyết (vd. 学说: học thuyết)		1	86	cur-ai
吗	嗎	ma5	ma		(trợ từ cuối câu, biến câu thành câu hỏi có hay không) … không?; … à? (vd. 你好吗?: bạn khoẻ không?)		1	85	cur-ai
我们	我們	wo3 men5	ngã môn		chúng tôi; chúng ta; chúng mình (có thể gồm hoặc không gồm người nghe)/(đặt trước danh từ) … của chúng tôi (vd. 我们学校: trường chúng tôi)		1	85	cur-ai
到		dao4	đáo		đến; tới (nơi nào)/đi (đến đâu)/đến; cho đến (nơi chốn, thời điểm, mức độ)/(bổ ngữ sau động từ, chỉ đạt được kết quả) được; thấy; tới (vd. 买到: mua được; 看到: nhìn thấy)/chu đáo; chu toàn		1	85	cur-ai
来	來	lai2	lai		đến; tới; lại (đây)/(thay cho động từ cụ thể) làm; lấy; cho (vd. 我来吧: để tôi làm; 来一杯咖啡: cho một cốc cà phê)/(bổ ngữ xu hướng, hướng về phía người nói) lại; về (vd. 回来: trở về)/(sau khoảng thời gian) … nay; … qua (vd. 三年来: ba năm nay)/từ … đến nay (vd. 自古以来: từ xưa đến nay)/(trước từ chỉ thời gian) tới; sau (vd. 来年: năm tới)/(giữa hai động từ) để/(sau số tròn) khoảng; chừng (vd. 十来个: khoảng mười cái)/(sau 得 hoặc 不, chỉ có thể hay không thể) hợp; quen; làm được (vd. 谈得来: hợp chuyện; 吃不来: ăn không quen)		1	85	cur-ai
月		yue4	nguyệt		tháng (vd. 一月: tháng 1; 三个月: ba tháng)/mặt trăng; trăng/hằng tháng; hàng tháng (vd. 月票: vé tháng)/Lượng từ: 个 (gè), 轮 (lún)		1	84	cur-ai
中国	中國	Zhong1 guo2	Trung Quốc		Trung Quốc		1	84	pn,cur-ai
个	個	ge4	cá		(lượng từ) cái; chiếc; con; người…: dùng cho danh từ không có lượng từ riêng, là lượng từ thông dụng nhất (vd. 一个人: một người; 三个苹果: ba quả táo)/(trong từ ghép) riêng lẻ; cá nhân (vd. 个人: cá nhân)		1	84	cur-ai
后	後	hou4	hậu		sau; phía sau; đằng sau/sau (khi); sau đó; về sau/hậu- (tiền tố, vd. 后现代: hậu hiện đại)		1	83	cur-ai
日		ri4	nhật		ngày (vd. 五月一日: ngày 1 tháng 5; 每日: mỗi ngày)/mặt trời (vd. 日出: mặt trời mọc)/(trong từ ghép, viết tắt của 日本) Nhật Bản (vd. 日语: tiếng Nhật)/(thô tục) quan hệ tình dục; cũng dùng để chửi tục		1	83	cur-ai
什么	什麼	shen2 me5	thậm ma		gì; cái gì (để hỏi) (vd. 这是什么: đây là cái gì?)/(không dùng để hỏi) gì đó; cái gì đó; bất cứ cái gì (vd. 什么都行: cái gì cũng được)		1	83	cur-ai
一		yi1	nhất		một (1) (vd. 一本书: một quyển sách)/cả; toàn; suốt (vd. 一生: suốt đời; 一身汗: mồ hôi đầy người)/hễ … là …; vừa … đã … (mẫu 一…就…, vd. 一看就懂: vừa nhìn là hiểu)		1	83	cur-ai
很		hen3	ngận		rất; lắm/(đặt trước tính từ trong câu khẳng định, nhiều khi không mang nghĩa nhấn mạnh, chỉ để câu tự nhiên, vd. 我很好: tôi khoẻ)		1	83	cur-ai
国家	國家	guo2 jia1	quốc gia		nước; quốc gia; đất nước/Lượng từ: 个 (gè)		1	83	cur-ai
好		hao3	hảo		tốt; hay; giỏi; ổn; khoẻ (vd. 我很好: tôi khoẻ)/hợp; thích hợp; đúng/được; được rồi; ừ (dùng để đồng ý, vd. 好，我们走吧: được, chúng ta đi thôi)/(trước tính từ, dùng để cảm thán) thật; quá; rất (vd. 好冷: lạnh quá)/(trước động từ) dễ (vd. 好找: dễ tìm; 好写: dễ viết)/(trước động từ) … hay; … ngon; … đẹp (vd. 好吃: ngon; 好听: hay; 好看: đẹp, hay)/(sau động từ, chỉ việc đã hoàn thành) xong; xong xuôi (vd. 做好了: làm xong rồi)/(hai người) thân; thân thiết/(sau lời xưng hô) chào (vd. 你好: chào bạn; 老师好: em chào thầy)		1	82	cur-ai
大		da4	đại		to; lớn/lớn tuổi hơn; cả (vd. 大姐: chị cả)/rất; mạnh; thoả thích (đặt trước động từ, vd. 大笑: cười to)		1	82	cur-ai
她		ta1	tha		cô ấy; chị ấy; bà ấy; em ấy… (ngôi thứ ba số ít, chỉ nữ)		1	82	cur-ai
去		qu4	khứ	khử	đi; đến (nơi nào) (vd. 去北京: đi Bắc Kinh)/(trước hoặc sau động từ) đi (làm gì) (vd. 去买东西: đi mua đồ)/(bổ ngữ xu hướng, chỉ hướng rời xa người nói) … đi; … sang (vd. 拿去: mang đi; 进去: đi vào (đó); 回去: về)/(sau một số động từ, chỉ sự tách rời, mất đi) … mất; … đi (vd. 失去: mất đi)/(thời gian) trước; vừa qua (vd. 去年: năm ngoái)/bỏ; bỏ đi; loại bỏ; bớt (vd. 去皮: bỏ vỏ)/(nói tránh) mất; qua đời		1	82	cur-ai
看		kan4	khán		nhìn; xem/đọc (sách, báo…)/xem (phim, tivi, trận đấu…)/thăm; thăm hỏi (ai)/cho rằng; thấy; coi là; xem như (vd. 我看: theo tôi thấy)/trông nom; chăm sóc/khám; chữa (bệnh)/tuỳ; phụ thuộc vào (vd. 看情况: tuỳ tình hình)/(sau động từ lặp lại) thử (vd. 试试看: thử xem)/coi chừng; cẩn thận (kẻo…)		1	82	cur-ai
下		xia4	hạ		dưới; phía dưới; bên dưới (vd. 桌子下面: dưới bàn; 楼下: tầng dưới)/xuống; đi xuống (vd. 下楼: xuống lầu; 下车: xuống xe; 坐下: ngồi xuống; 下雨: trời mưa)/sau; tới; tiếp theo (vd. 下个月: tháng sau; 下次: lần sau)/(lượng từ) cái; lần; lượt: dùng đếm số lần một động tác (vd. 敲了三下: gõ ba cái; 等一下: đợi một chút)/(phần) sau; thứ hai (trong hai phần) (vd. 下册: tập hai; 下半年: nửa cuối năm)/thấp; kém; cấp dưới (vd. 下级: cấp dưới)/giảm; hạ xuống/đưa ra; hạ (quyết tâm, kết luận…) (vd. 下决心: hạ quyết tâm; 下结论: kết luận)		1	81	cur-ai
过	過	guo4	quá	qua	qua; đi qua; băng qua/trải qua; trôi qua; qua (thời gian)/ăn (tết); đón (lễ); tổ chức (sinh nhật)/sống; sinh sống; sống qua ngày/quá; quá mức		1	81	cur-ai
现在	現在	xian4 zai4	hiện tại		bây giờ; hiện nay; hiện tại; lúc này		1	81	cur-ai
里	裡	li3	lý		trong; bên trong; phía trong/(đặt sau danh từ, chỉ nơi chốn) trong… (vd. 房间里: trong phòng)/lớp lót; mặt trong (áo, chăn…)		1	81	cur-ai
那		na4	na		kia; đó; ấy (vd. 那个人: người kia)/cái đó; việc đó (vd. 那是我的书: đó là sách của tôi)/vậy thì; thế thì (vd. 那我们走吧: vậy thì chúng ta đi thôi)		1	80	cur-ai
三		san1	tam		ba (3)		1	80	cur-ai
前		qian2	tiền		trước; phía trước; đằng trước (vd. 门前: trước cửa)/trước (khi); … trước (vd. 三天前: ba ngày trước; 吃饭前: trước khi ăn)/(đặt trước số) … đầu; … đầu tiên (vd. 前三名: ba người đứng đầu)/cũ; cựu; trước đây (vd. 前总统: cựu tổng thống)/tiến lên; về phía trước (vd. 向前走: đi về phía trước)/trước Công nguyên (vd. 前293年: năm 293 trước Công nguyên)		1	79	cur-ai
小		xiao3	tiểu		nhỏ; bé; ít (về kích thước, số lượng, mức độ) (vd. 小狗: chó con; 声音小: tiếng nhỏ)/trẻ; nhỏ tuổi; út (vd. 他比我小: cậu ấy ít tuổi hơn tôi; 小儿子: con trai út)/(đặt trước họ, gọi thân mật người trẻ hoặc ít tuổi hơn mình) cậu; cô; em (vd. 小王: cậu Vương, em Vương)		1	79	cur-ai
时候	時候	shi2 hou5	thời hậu		lúc; khi; hồi (vd. 吃饭的时候: lúc ăn cơm; 什么时候: khi nào; 小时候: hồi nhỏ)/thời gian; khoảng thời gian		1	79	cur-ai
们	們	men5	môn		(hậu tố đặt sau đại từ hoặc danh từ chỉ người, chỉ số nhiều) các; những; chúng (vd. 我们: chúng tôi; 朋友们: các bạn)		1	79	cur-ai
爱	愛	ai4	ái		yêu; thương/thích; mê (làm việc gì)/tình yêu; tình cảm/hay; dễ (xảy ra việc gì, vd. 爱哭: hay khóc)		1	79	cur-ai
一样	一樣	yi1 yang4	nhất dạng		giống; giống nhau; như nhau (vd. 我们俩一样高: hai chúng tôi cao như nhau)/giống như; như (mẫu 跟…一样, 像…一样, vd. 像花一样: như bông hoa)		1	78	cur-ai
喜欢	喜歡	xi3 huan5	hỷ hoan		thích; ưa; mến (vd. 喜欢吃苹果: thích ăn táo)/vui; vui mừng/hay; có xu hướng (vd. 这种花喜欢阳光: loại hoa này ưa nắng)		1	77	cur-ai
学生	學生	xue2 sheng5	học sinh		học sinh; sinh viên; học trò		1	77	cur-ai
北京		Bei3 jing1	Bắc Kinh		Bắc Kinh (thủ đô nước Cộng hoà Nhân dân Trung Hoa)		1	77	pn,cur-ai
听	聽	ting1	thính		nghe; lắng nghe (vd. 听音乐: nghe nhạc)/nghe theo; vâng lời (vd. 听话: nghe lời)/(lượng từ) lon: dùng cho đồ uống đóng lon (vd. 一听啤酒: một lon bia)/lon; hộp thiếc/(văn viết) để mặc; mặc kệ (vd. 听其自然: để mặc tự nhiên)		1	77	cur-ai
两	兩	liang3	lưỡng	lượng|lạng	hai (thường dùng trước lượng từ, vd. 两个人: hai người)/cả hai; hai bên (vd. 两边: hai bên)/vài; mấy (số ít không xác định, vd. 过两天: vài hôm nữa)/lạng (đơn vị khối lượng, bằng 50 gam)		1	77	cur-ai
国	國	guo2	quốc		nước; quốc gia; đất nước/(thuộc) quốc gia; quốc- (vd. 国歌: quốc ca)		1	77	cur-ai
走		zou3	tẩu		đi; đi bộ (vd. 走路: đi bộ)/đi; rời đi; ra về (vd. 我先走了: tôi đi trước đây)/(sau động từ) đi; mất (vd. 拿走: lấy đi)/(xe cộ, máy móc, đồng hồ) chạy; chuyển động (vd. 表不走了: đồng hồ không chạy nữa)/đi qua; đi theo (lối nào; vd. 走这条路: đi đường này)/đi thăm; lui tới (vd. 走亲戚: đi thăm họ hàng)/(nói tránh) mất; qua đời/lệch; mất; sai (hình dạng, mùi vị, ý nghĩa; vd. 走样: biến dạng)		1	77	cur-ai
一起		yi1 qi3	nhất khởi		cùng; cùng nhau (vd. 我们一起去: chúng ta cùng đi)/cùng một chỗ; cùng một nơi (vd. 住在一起: sống chung)/tổng cộng; cả thảy/một vụ; một việc (tai nạn, án mạng, tranh chấp…; vd. 一起车祸: một vụ tai nạn xe)		1	77	cur-ai
吃		chi1	cật		ăn; uống (thuốc)/ăn (tại đâu, vd. 吃食堂: ăn ở nhà ăn)/chịu; bị (thiệt, thua, sốc…; vd. 吃亏: chịu thiệt)/tiêu diệt; diệt; ăn (quân cờ)		1	77	cur-ai
话	話	hua4	thoại		lời; lời nói; câu nói/tiếng; phương ngữ (vd. 上海话: tiếng Thượng Hải)/chuyện; cuộc nói chuyện/Lượng từ: 种 (zhǒng), 席 (xí), 句 (jù), 口 (kǒu), 番 (fān)		1	77	cur-ai
家		jia1	gia		nhà; gia đình (vd. 回家: về nhà; 我家有四口人: nhà tôi có bốn người)/(lượng từ) nhà; hiệu; hãng: dùng cho gia đình, cửa hàng, công ty, nhà hàng (vd. 一家饭馆: một quán ăn)/(hậu tố) nhà …; gia: người chuyên về một lĩnh vực, hoặc một trường phái tư tưởng thời Tiên Tần (vd. 科学家: nhà khoa học; 作家: nhà văn; 画家: hoạ sĩ; 儒家: Nho gia)/(cách nói khiêm tốn, đặt trước từ chỉ người thân lớn tuổi hơn mình) … của tôi (vd. 家父: cha tôi; 家兄: anh trai tôi)/Lượng từ: 个 (gè)		1	76	cur-ai
东西	東西	dong1 xi5	đông tây		đồ; đồ vật; đồ đạc; thứ/(chỉ người, mang ý mắng hoặc âu yếm) đồ; thằng; con (vd. 小东西: nhóc con)/Lượng từ: 个 (gè), 件 (jiàn)		1	76	cur-ai
大学	大學	da4 xue2	đại học		đại học; trường đại học/Lượng từ: 所 (suǒ)		1	76	cur-ai
学校	學校	xue2 xiao4	học hiệu		trường; trường học/Lượng từ: 所 (suǒ)		1	76	cur-ai
朋友		peng2 you5	bằng hữu		bạn; bạn bè/Lượng từ: 个 (gè), 位 (wèi)		1	76	cur-ai
天		tian1	thiên		ngày (vd. 今天: hôm nay; 三天: ba ngày, đứng ngay sau số, không dùng 个)/trời; bầu trời (vd. 天黑了: trời tối rồi)/ông trời; trời (vd. 天哪: trời ơi!)		1	76	cur-ai
干	幹	gan4	cán		làm; làm việc/đảm nhiệm; quản lý/giỏi; tháo vát (vd. 能干: giỏi giang)/thân cây; phần chính (của vật)/cán bộ (trong từ 干部)/(tiếng lóng) khử; giết/(thô tục) quan hệ tình dục; cũng dùng để chửi tục		1	75	cur-ai
学习	學習	xue2 xi2	học tập		học; học tập (vd. 学习汉语: học tiếng Trung; 向他学习: học tập theo anh ấy)		1	75	cur-ai
外		wai4	ngoại		ngoài; bên ngoài; phía ngoài (vd. 门外: ngoài cửa)/nước ngoài; ngoại (vd. 外国: nước ngoài; 外语: ngoại ngữ)/ngoài ra; thêm vào (vd. 此外: ngoài ra)		1	75	cur-ai
行		xing2	hành	hạnh	được; ổn; được rồi (vd. 行吗: được không?; 不行: không được)/giỏi; cừ; có năng lực (vd. 你真行: bạn giỏi thật)/đi; đi lại; chuyến đi (vd. 步行: đi bộ; 旅行: du lịch)/làm; thực hiện; tiến hành (vd. 实行: thực hiện)/hành vi; việc làm (vd. 言行: lời nói và việc làm)/lưu hành; thông dụng (vd. 流行: thịnh hành)		1	74	cur-ai
路		lu4	lộ		đường; con đường/đường đi; chặng đường; hành trình/tuyến (xe buýt…; vd. 3路车: xe buýt tuyến số 3)/loại; kiểu; hạng (vd. 这路人: loại người này)/Lượng từ: 条 (tiáo)		1	74	cur-ai
先		xian1	tiên		trước; trước tiên; trước hết (vd. 你先走: bạn đi trước)/lúc đầu; ban đầu; trước kia/(làm gì) trước đã; tạm (vd. 先这样吧: tạm thế đã)/(tiền tố, nói về người thân lớn tuổi hơn mình đã mất) … quá cố của tôi (vd. 先父: người cha quá cố của tôi)		1	74	cur-ai
学	學	xue2	học		học; học tập (vd. 学汉语: học tiếng Trung)/bắt chước; học theo (vd. 学猫叫: bắt chước tiếng mèo kêu)/(hậu tố) -học; môn học; ngành học; học vấn (vd. 数学: toán học; 化学: hoá học)/(trong từ ghép) trường học (vd. 小学: trường tiểu học; 上学: đi học)		1	74	cur-ai
书	書	shu1	thư		sách; quyển sách/thư; thư từ (vd. 家书: thư nhà)/văn bản; giấy tờ (vd. 证书: giấy chứng nhận)/(văn viết) viết; chữ viết (vd. 书法: thư pháp)/Lượng từ: 本 (běn), 册 (cè), 部 (bù)		1	74	cur-ai
回		hui2	hồi		về; trở về; quay về; quay lại (vd. 回家: về nhà)/(lượng từ) lần; lượt; chuyến: dùng cho số lần xảy ra việc gì (vd. 去过两回: đã đi hai lần)/trả lời; đáp lại; hồi âm (vd. 回信: trả lời thư)/quay (lại); ngoảnh (lại) (vd. 回头: quay đầu lại)/(lượng từ) hồi; chương; màn: dùng cho hồi của tiểu thuyết cổ, màn của vở kịch (vd. 第一回: hồi thứ nhất)		1	74	cur-ai
干	乾	gan1	can		khô; khô ráo/đồ khô; đồ sấy khô (vd. 牛肉干: thịt bò khô)/cạn; hết sạch; rỗng/nuôi; kết nghĩa (vd. 干妈: mẹ nuôi)/uổng; suông; vô ích		1	73	cur-ai
水		shui3	thuỷ		nước (vd. 喝水: uống nước)/sông (đặt sau tên, vd. 汉水: sông Hán)/bơi (trong 会水: biết bơi; 水性: khả năng bơi)/(khẩu ngữ) dởm; kém chất lượng; ít nội dung/(lượng từ) nước; lần: dùng cho số lần giặt quần áo (vd. 洗了两水: đã giặt hai nước)		1	73	cur-ai
老师	老師	lao3 shi1	lão sư		thầy giáo; cô giáo; giáo viên (cũng dùng để gọi: thầy, cô)/Lượng từ: 位 (wèi), 个 (gè)		1	73	cur-ai
儿子	兒子	er2 zi5	nhi tử		con trai		1	73	cur-ai
学院	學院	xue2 yuan4	học viện		học viện; trường cao đẳng; trường đại học (chuyên ngành, vd. 北京电影学院: Học viện Điện ảnh Bắc Kinh)/khoa; viện (trực thuộc trường đại học, vd. 文学院: khoa Văn)/Lượng từ: 所 (suǒ)		1	73	cur-ai
电视	電視	dian4 shi4	điện thị		tivi; truyền hình/Lượng từ: 台 (tái), 部 (bù)		1	73	cur-ai
女儿	女兒	nu:3 er2	nữ nhi		con gái (con của mình)		1	72	cur-ai
妈妈	媽媽	ma1 ma5	ma ma		mẹ; má/Lượng từ: 个 (gè), 位 (wèi)		1	72	cur-ai
明白		ming2 bai5	minh bạch		hiểu; hiểu rõ; nhận ra/rõ ràng; rõ rệt; dễ hiểu/biết điều; hiểu lẽ phải		1	72	cur-ai
跑		pao3	bào		chạy/chạy trốn; bỏ chạy; trốn/chạy đi chạy lại; chạy (việc vặt, công việc)/(khí, chất lỏng) rò; xì; bay hơi/(sau động từ) … đi; … mất (vd. 吓跑: doạ cho chạy mất)		1	72	cur-ai
四		si4	tứ		bốn (4)		1	72	cur-ai
东	東	dong1	đông		đông; phía đông; phương đông/chủ; chủ nhà (người đãi khách hoặc chủ cho thuê nhà)		1	72	cur-ai
谢谢	謝謝	xie4 xie5	tạ tạ		cảm ơn; cám ơn		1	72	cur-ai
西		xi1	tây		tây; phía tây; hướng tây/(trong từ ghép) Tây; phương Tây (vd. 西餐: món Âu; 西医: Tây y)		1	71	cur-ai
五		wu3	ngũ		năm (5)		1	71	cur-ai
电脑	電腦	dian4 nao3	điện não		máy tính; máy vi tính/Lượng từ: 台 (tái)		1	71	cur-ai
南		nan2	nam		nam; phía nam; hướng nam		1	71	cur-ai
医生	醫生	yi1 sheng1	y sinh		bác sĩ; thầy thuốc/Lượng từ: 位 (wèi), 名 (míng), 个 (gè)		1	71	cur-ai
回家		hui2 jia1	hồi gia		về nhà		1	71	cur-ai
读	讀	du2	độc		đọc to; đọc thành tiếng/đọc (sách, báo…)/học; đi học (vd. 读大学: học đại học)/đọc là; phát âm		1	71	cur-ai
妈	媽	ma1	ma		mẹ; má		1	70	cur-ai
喝		he1	hát		uống		1	70	cur-ai
中学	中學	zhong1 xue2	trung học		trường trung học (gồm cấp hai và cấp ba ở Trung Quốc)/Lượng từ: 所 (suǒ), 个 (gè)		1	70	cur-ai
高兴	高興	gao1 xing4	cao hứng		vui; vui vẻ; mừng/vui lòng; sẵn lòng (làm việc gì)		1	70	cur-ai
山		shan1	sơn		núi; đồi/Lượng từ: 座 (zuò)		1	70	cur-ai
北		bei3	bắc		bắc; phía bắc; phương bắc		1	70	cur-ai
六		liu4	lục		sáu (6)		1	70	cur-ai
风	風	feng1	phong		gió/phong tục; tập quán/phong cách; tác phong; kiểu cách/tin tức; tin đồn/Lượng từ: 阵 (zhèn), 丝 (sī)		1	69	cur-ai
哥哥		ge1 ge5	ca ca		anh trai; anh/Lượng từ: 个 (gè), 位 (wèi)		1	69	cur-ai
家人		jia1 ren2	gia nhân		người nhà; người trong gia đình/(cũ) người hầu; gia nhân		1	69	cur-ai
同学	同學	tong2 xue2	đồng học		bạn học; bạn cùng lớp (thầy cô cũng dùng để gọi học sinh, vd. 同学们好: chào các em)/học cùng trường; học cùng lớp/Lượng từ: 位 (wèi), 个 (gè)		1	69	cur-ai
小学	小學	xiao3 xue2	tiểu học		trường tiểu học; tiểu học; trường cấp một		1	69	cur-ai
中文		Zhong1 wen2	Trung Văn		tiếng Trung; tiếng Trung Quốc; tiếng Hoa (cả tiếng nói và chữ viết)		1	69	pn,cur-ai
白		bai2	bạch		trắng; màu trắng/uổng; phí công (vd. 白跑一趟: đi một chuyến uổng công)/không mất tiền; miễn phí (vd. 白给: cho không)/trơn; không thêm gì (vd. 白开水: nước lọc; 白饭: cơm trắng)		1	69	cur-ai
衣服		yi1 fu5	y phục		quần áo; áo quần; áo/Lượng từ: 件 (jiàn), 套 (tào)		1	69	cur-ai
班		ban1	ban		lớp (học); nhóm; tổ/ca (làm việc)/(lượng từ) chuyến; tốp: dùng cho xe, tàu, máy bay chạy theo giờ hoặc nhóm người (vd. 下一班车: chuyến xe sau)/(quân sự) tiểu đội/Lượng từ: 个 (gè)		1	69	cur-ai
左		zuo3	tả		trái; bên trái; phía tay trái (vd. 向左拐: rẽ trái)/(chính trị) cánh tả; tả khuynh/sai; lệch; trái ngược; khác (vd. 意见相左: ý kiến trái ngược nhau)		1	69	cur-ai
七		qi1	thất		bảy (7)		1	68	cur-ai
天气	天氣	tian1 qi4	thiên khí		thời tiết; trời (vd. 今天天气很好: hôm nay trời đẹp)		1	68	cur-ai
马上	馬上	ma3 shang4	mã thượng		ngay; ngay lập tức; tức khắc; sắp (vd. 马上就要考试了: sắp thi rồi)		1	68	cur-ai
没什么	沒什麼	mei2 shen2 me5	một thậm ma		không sao; không có gì; đừng bận tâm/không có gì; không có chi (đáp lại lời cảm ơn)		1	68	cur-ai
大学生	大學生	da4 xue2 sheng1	đại học sinh		sinh viên; sinh viên đại học		1	68	cur-ai
九		jiu3	cửu		chín (9)		1	68	cur-ai
睡觉	睡覺	shui4 jiao4	thuỵ giáo		ngủ; đi ngủ		1	68	cur-ai
十		shi2	thập		mười (10)		1	67	cur-ai
八		ba1	bát		tám (8)		1	67	cur-ai
吃饭	吃飯	chi1 fan4	cật phạn		ăn cơm; ăn; dùng bữa/kiếm sống; sống (nhờ nghề gì)		1	67	cur-ai
饭	飯	fan4	phạn		cơm/bữa ăn; bữa cơm/(khẩu ngữ, từ mượn) người hâm mộ/Lượng từ: 碗 (wǎn), 顿 (dùn)		1	67	cur-ai
对不起	對不起	dui4 bu5 qi3	đối bất khởi		xin lỗi/có lỗi với (ai); phụ lòng (ai)		1	67	cur-ai
零		ling2	linh		không; số không (0)/linh; lẻ (đặt giữa hai số, vd. 一百零五: một trăm linh năm)/lẻ; vụn; nhỏ lẻ (vd. 零钱: tiền lẻ)/số lẻ; phần lẻ; số dư (phép chia)/héo rụng; tàn		1	66	cur-ai
上班		shang4 ban1	thượng ban		đi làm; vào làm (ở cơ quan, công ty) (vd. 八点上班: 8 giờ vào làm)/trực; làm ca		1	66	cur-ai
读书	讀書	du2 shu1	độc thư		đọc sách/học; học hành/đi học		1	66	cur-ai
右		you4	hữu		phải; bên phải; phía tay phải (vd. 向右拐: rẽ phải)/(chính trị) cánh hữu; hữu khuynh		1	66	cur-ai
哪儿	哪兒	na3 r5	nả nhi	na nhi	đâu; ở đâu?/bất cứ đâu; đâu đó/(câu hỏi tu từ) làm sao …?; sao có thể …?		1	66	cur-ai
雨		yu3	vũ		mưa; cơn mưa/Lượng từ: 阵 (zhèn), 场 (cháng)		1	65	cur-ai
百		bai3	bách		trăm; một trăm (100)/(trong từ ghép) nhiều; mọi; đủ loại (vd. 百货: bách hoá)		1	65	cur-ai
上学	上學	shang4 xue2	thượng học		đi học; đến trường/theo học (ở trường)		1	65	cur-ai
汉语	漢語	Han4 yu3	Hán Ngữ		tiếng Hán; tiếng Trung (Quốc); tiếng Hoa/Lượng từ: 门 (mén)		1	65	pn,cur-ai
爱好	愛好	ai4 hao4	ái hiếu		sở thích/thích; yêu thích; ham mê (việc gì)/Lượng từ: 个 (gè)		1	63	cur-ai
小学生	小學生	xiao3 xue2 sheng1	tiểu học sinh		học sinh tiểu học/(nghĩa bóng) người mới học; người mới vào nghề/Lượng từ: 个 (gè), 名 (míng)		1	62	cur-ai
下班		xia4 ban1	hạ ban		tan làm; tan ca; hết giờ làm/chuyến sau (tàu, xe…)		1	62	cur-ai
中学生	中學生	zhong1 xue2 sheng1	trung học sinh		học sinh trung học (học sinh cấp hai, cấp ba)		1	61	cur-ai
下雨		xia4 yu3	hạ vũ		mưa; trời mưa		1	61	cur-ai
星期日		Xing1 qi1 ri4	Tinh Kỳ Nhật		Chủ nhật (hơi trang trọng hơn 星期天)/Lượng từ: 个 (gè)		1	60	pn,cur-ai
星期天		Xing1 qi1 tian1	Tinh Kỳ Thiên		Chủ nhật (thường dùng trong khẩu ngữ)/Lượng từ: 个 (gè)		1	59	pn,cur-ai
放学	放學	fang4 xue2	phóng học		tan học; tan trường		1	58	cur-ai
早饭	早飯	zao3 fan4	tảo phạn		bữa sáng; bữa điểm tâm/Lượng từ: 份 (fèn), 顿 (dùn), 次 (cì), 餐 (cān)		1	58	cur-ai
〇		ling2	linh		số không (0), dùng khi viết số (vd. 二〇二六年: năm 2026)		1	57	cur-ai,nostroke
米饭	米飯	mi3 fan4	mễ phạn		cơm; cơm trắng		1	57	cur-ai
教学楼	教學樓	jiao4 xue2 lou2	giáo học lâu		toà nhà dạy học; dãy phòng học; khu giảng đường (trong trường học)		1	51	cur-ai
一点儿	一點兒	yi1 dian3 r5	nhất điểm nhi		một chút; một ít; một tí (vd. 喝一点儿水: uống một chút nước)/(sau tính từ) … hơn một chút (vd. 便宜一点儿: rẻ hơn một chút)/(mẫu 一点儿也不…) chẳng … chút nào (vd. 一点儿也不累: chẳng mệt chút nào)		1	30	var,cur-ai
一块儿	一塊兒	yi1 kuai4 r5	nhất khối nhi		cùng; cùng nhau (vd. 我们一块儿去吧: chúng ta cùng đi nhé)/cùng một chỗ; cùng một nơi (vd. 住在一块儿: sống cùng một chỗ)/một miếng; một mẩu; một cục/(khẩu ngữ) một đồng; một tệ		1	26	var,cur-ai
小孩儿	小孩兒	xiao3 hai2 r5	tiểu hài nhi		trẻ con; trẻ em; đứa trẻ; con nít/con; con cái (vd. 你有小孩儿吗: anh có con chưa?)/Lượng từ: 个 (gè)		1	21	var,cur-ai
不客气	不客氣	bu4 ke4 qi5	bất khách khí		không có gì; đừng khách sáo (đáp lại lời cảm ơn)/bất lịch sự; thô lỗ; không nể nang		1	20	cur-ai
好玩儿	好玩兒	hao3 wan2 r5	hảo ngoạn nhi		vui; thú vị		1	17	var,cur-ai
面条儿	麵條兒	mian4 tiao2 r5	miến điều nhi		mì; mì sợi		1	0	var,cur-ai
已经	已經	yi3 jing1	dĩ kinh		đã; đã … rồi (vd. 他已经走了: anh ấy đã đi rồi; 已经十点了: đã mười giờ rồi)		2	78	cur-ai
它		ta1	tha		(đại từ chỉ vật hoặc con vật, không dùng cho người) nó (vd. 我有一只猫，它很可爱: tôi có một con mèo, nó rất đáng yêu)		2	77	cur-ai
长	長	zhang3	trưởng		lớn lên; mọc; mọc ra (vd. 长大: lớn lên; 长牙: mọc răng; 她长得很漂亮: cô ấy trông rất xinh)/tăng; tăng thêm; phát triển (vd. 长知识: mở mang kiến thức)/trưởng; người đứng đầu (vd. 校长: hiệu trưởng; 班长: lớp trưởng)/lớn tuổi hơn; bậc trên (vd. 长辈: bậc bề trên)		2	75	cur-ai
长	長	chang2	trường		dài (vd. 这条路很长: con đường này rất dài)/chiều dài; độ dài (vd. 长三米: dài ba mét)/sở trường; điểm mạnh (vd. 特长: sở trường)/giỏi; giỏi về (vd. 他长于写作: anh ấy giỏi viết lách)		2	74	cur-ai
表示		biao3 shi4	biểu thị		bày tỏ; biểu thị; tỏ ý (vd. 表示感谢: bày tỏ lòng cảm ơn)/biểu thị; có nghĩa là; cho thấy (vd. 红灯表示停: đèn đỏ có nghĩa là dừng lại)/sự bày tỏ; sự biểu hiện; thái độ		2	73	cur-ai
安全		an1 quan2	an toàn		an toàn (vd. 注意安全: chú ý an toàn)/sự an toàn; an ninh		2	73	cur-ai
大家		da4 jia1	đại gia		mọi người; tất cả mọi người (vd. 大家好: chào mọi người)/bậc thầy; chuyên gia lớn (trong một lĩnh vực, vd. 书法大家: bậc thầy thư pháp)/gia đình danh giá; danh gia vọng tộc		2	73	cur-ai
道		dao4	đạo		(lượng từ) con; tia; vệt; cánh; câu; món…: dùng cho vật dài hẹp (sông, vết nứt, tia sáng…), cửa, tường; câu hỏi, bài tập; mệnh lệnh; món ăn; bước trong quy trình (vd. 一道题: một câu hỏi; 一道菜: một món ăn; 一道光: một tia sáng)/đường; con đường (vd. 人行道: vỉa hè)/lẽ; đạo lý; nguyên tắc; cách (vd. 道理: đạo lý)/nói (dẫn lời nói trực tiếp, thường gặp trong truyện, vd. 他笑道: anh ấy cười nói)/bày tỏ; nói lời (lịch sự, vd. 道谢: cảm ơn; 道歉: xin lỗi)/nghề; kỹ năng; thuật (vd. 茶道: trà đạo)/Đạo (trong Đạo giáo)/Lượng từ: 条 (tiáo), 股 (gǔ)		2	73	cur-ai
科学	科學	ke1 xue2	khoa học		khoa học; tri thức khoa học (vd. 自然科学: khoa học tự nhiên)/(có tính) khoa học; hợp lý (vd. 这个方法不科学: cách này không khoa học)/Lượng từ: 门 (mén), 个 (gè), 种 (zhǒng)		2	72	cur-ai
行为	行為	xing2 wei2	hành vi	hạnh vi	hành vi; hành động; cách cư xử; việc làm (vd. 这种行为不对: hành vi như vậy là sai)		2	71	cur-ai
帮助	幫助	bang1 zhu4	bang trợ		giúp; giúp đỡ (vd. 帮助别人: giúp đỡ người khác)/sự giúp đỡ; sự hỗ trợ (vd. 谢谢你的帮助: cảm ơn sự giúp đỡ của bạn)		2	71	cur-ai
银行	銀行	yin2 hang2	ngân hàng	ngân hạng	ngân hàng (vd. 去银行取钱: đi ngân hàng rút tiền)/Lượng từ: 家 (jiā), 个 (gè)		2	70	cur-ai
音乐	音樂	yin1 yue4	âm nhạc		âm nhạc; nhạc (vd. 听音乐: nghe nhạc)/Lượng từ: 张 (zhāng), 曲 (qǔ), 段 (duàn)		2	70	cur-ai
语言	語言	yu3 yan2	ngữ ngôn		ngôn ngữ; tiếng nói (vd. 你会说几种语言?: bạn biết nói mấy thứ tiếng?)/Lượng từ: 门 (mén), 种 (zhǒng)		2	70	cur-ai
生		sheng1	sinh		sinh; đẻ; sinh ra; ra đời (vd. 生孩子: sinh con; 我生在北京: tôi sinh ra ở Bắc Kinh)/mọc; nảy sinh; phát sinh; bị (bệnh) (vd. 生病: bị ốm; 生气: tức giận)/sống; còn sống; sự sống; đời (vd. 生死: sống chết; 一生: cả đời)/sống; chưa chín; chưa qua chế biến (vd. 生肉: thịt sống)/lạ; không quen; chưa thạo (vd. 生词: từ mới; 生人: người lạ)/(trong từ ghép) người học; người (làm nghề gì) (vd. 学生: học sinh; 医生: bác sĩ)/nhóm; đốt (lửa) (vd. 生火: nhóm lửa)		2	70	cur-ai
意思		yi4 si5	ý tứ		nghĩa; ý nghĩa (vd. 这个字是什么意思?: chữ này nghĩa là gì?)/ý; ý kiến; ý định; mong muốn (vd. 我的意思是…: ý tôi là…)/hứng thú; sự thú vị (vd. 有意思: thú vị; 没意思: chán)/chút quà; chút lòng thành (vd. 这是我的一点意思: đây là chút lòng thành của tôi)/biếu chút quà; tỏ chút lòng (vd. 意思意思: gọi là chút lòng)/Lượng từ: 个 (gè)		2	70	cur-ai
欢迎	歡迎	huan1 ying2	hoan nghênh		chào mừng; hoan nghênh; đón chào; tiếp đón (ai, việc gì) (vd. 欢迎你来越南: chào mừng bạn đến Việt Nam)/chào mừng!; hoan nghênh! (lời chào đón, vd. 欢迎光临: xin kính chào quý khách)		2	69	cur-ai
快乐	快樂	kuai4 le4	khoái lạc		vui vẻ; vui; hạnh phúc (vd. 生日快乐: chúc mừng sinh nhật)		2	68	cur-ai
感谢	感謝	gan3 xie4	cảm tạ		cảm ơn; biết ơn; cảm tạ (vd. 感谢你的帮助: cảm ơn sự giúp đỡ của bạn)		2	68	cur-ai
云	雲	yun2	vân		mây; đám mây (vd. 白云: mây trắng)/Lượng từ: 朵 (duǒ)		2	67	cur-ai
接		jie1	tiếp		đón; đón tiếp (ai) (vd. 去机场接朋友: ra sân bay đón bạn)/nhận; nghe (điện thoại) (vd. 接电话: nghe điện thoại)/bắt; đỡ; hứng (vd. 接球: bắt bóng)/nối; nối liền; nối dài; kết nối (vd. 接电线: nối dây điện)/nhận ca; đổi ca; tiếp quản; thay (ai) (vd. 接班: nhận ca)		2	66	cur-ai
节	節	jie2	tiết		(lượng từ) tiết; toa; đoạn: dùng cho tiết học, toa tàu, đoạn, đốt… (vd. 一节课: một tiết học; 三节车厢: ba toa tàu)/ngày lễ; ngày tết (vd. 春节: Tết Nguyên Đán)/đốt; khớp; mắt (tre, xương…)/đoạn; phần; mục (vd. 章节: chương mục)/tiết kiệm (vd. 节约: tiết kiệm)/tiết khí (24 tiết trong năm theo lịch truyền thống Trung Quốc)		2	66	cur-ai
教学	教學	jiao4 xue2	giáo học		dạy học; giảng dạy; việc dạy và học (vd. 汉语教学: dạy tiếng Trung)/Lượng từ: 次 (cì)		2	66	cur-ai
海		hai3	hải		biển; biển cả (vd. 大海: biển cả)/(nghĩa bóng) biển (người, vật); vô số; rất nhiều (vd. 人海: biển người)/Lượng từ: 个 (gè), 片 (piàn)		2	66	cur-ai
计算机	計算機	ji4 suan4 ji1	kế toán cơ		máy tính; máy vi tính/(Đài Loan) máy tính bỏ túi; máy tính cầm tay/Lượng từ: 台 (tái)		2	65	cur-ai
平		ping2	bình		bằng; phẳng; bằng phẳng (vd. 桌面很平: mặt bàn rất phẳng)/san bằng; làm cho phẳng/ngang; bằng nhau; công bằng (vd. 平等: bình đẳng; 公平: công bằng)/hoà (thi đấu) (vd. 两队打平了: hai đội hoà nhau)/bình thường; thường; trung bình (vd. 平时: ngày thường)/yên; yên bình; bình tĩnh (vd. 平安: bình an)/(khẩu ngữ) mét vuông (vd. 一百平的房子: căn nhà 100 mét vuông)		2	65	cur-ai
气	氣	qi4	khí		khí; hơi; không khí (vd. 空气: không khí; 天然气: khí thiên nhiên)/tức; giận; tức giận (vd. 生气: tức giận)/chọc tức; làm (ai) tức (vd. 别气我了: đừng chọc tức tôi nữa)/mùi (vd. 香气: mùi thơm)/thời tiết (vd. 天气: thời tiết)/khí (sinh lực, trong Đông y, võ thuật)		2	65	cur-ai
河		he2	hà		sông (vd. 一条河: một con sông)/(trong từ ghép) sông Hoàng Hà (vd. 河北: Hà Bắc)/(trong từ ghép) Ngân Hà; sông Ngân (vd. 银河: dải Ngân Hà)/Lượng từ: 条 (tiáo), 道 (dào)		2	64	cur-ai
旅行		lu:3 xing2	lữ hành	lữ hạnh	đi du lịch; du lịch; đi chơi xa (vd. 去北京旅行: đi du lịch Bắc Kinh)/chuyến đi; chuyến du lịch/Lượng từ: 趟 (tàng), 次 (cì)		2	64	cur-ai
流行		liu2 xing2	lưu hành	lưu hạnh	thịnh hành; phổ biến; hợp mốt; đang mốt (quần áo, bài hát…) (vd. 流行歌曲: bài hát thịnh hành)/lây lan; lan tràn (bệnh truyền nhiễm…)		2	64	cur-ai
绿	綠	lu:4	lục		xanh lá; xanh lục; màu xanh lá cây (vd. 绿灯: đèn xanh; 绿茶: trà xanh)/(tiếng lóng) cắm sừng (vợ, chồng, người yêu)		2	63	cur-ai
长大	長大	zhang3 da4	trưởng đại		lớn lên; trưởng thành (vd. 我在河内长大: tôi lớn lên ở Hà Nội)		2	63	cur-ai
湖		hu2	hồ		hồ (vd. 西湖: Tây Hồ)/Lượng từ: 个 (gè)		2	62	cur-ai
平安		ping2 an1	bình an		bình an; an toàn; yên ổn; không có chuyện gì (vd. 一路平安: thượng lộ bình an)		2	61	cur-ai
安静	安靜	an1 jing4	an tĩnh		yên tĩnh; yên lặng (vd. 请安静: xin giữ trật tự)/bình yên; yên ổn; thanh thản/điềm tĩnh; trầm lặng (tính người)		2	61	cur-ai
自行车	自行車	zi4 xing2 che1	tự hành xa	tự hạnh xa	xe đạp (vd. 骑自行车: đi xe đạp)/Lượng từ: 辆 (liàng)		2	61	cur-ai
雪		xue3	tuyết		tuyết (vd. 下雪: tuyết rơi)/(văn viết) rửa (nhục, hận) (vd. 雪耻: rửa nhục)/Lượng từ: 场 (cháng)		2	61	cur-ai
冬天		dong1 tian1	đông thiên		mùa đông		2	60	cur-ai
春节	春節	Chun1 jie2	Xuân Tiết		Tết Nguyên Đán; Tết âm lịch (lễ hội mùa xuân của Trung Quốc)		2	60	pn,cur-ai
过年	過年	guo4 nian2	quá niên	qua niên	ăn Tết; đón Tết (Tết Nguyên Đán)		2	58	cur-ai
留学生	留學生	liu2 xue2 sheng1	lưu học sinh		du học sinh; lưu học sinh; sinh viên nước ngoài (người đi học ở nước ngoài, hoặc người nước ngoài đang học ở Trung Quốc)/người đi du học về (nước)		2	58	cur-ai
行人		xing2 ren2	hành nhân	hạnh nhân	người đi đường; người đi bộ; khách bộ hành; người qua đường (vd. 行人很多: người đi đường rất đông)		2	58	cur-ai
学期	學期	xue2 qi1	học kỳ		học kỳ (vd. 这个学期: học kỳ này; 下学期: học kỳ sau)/Lượng từ: 个 (gè)		2	57	cur-ai
中小学	中小學	zhong1 xiao3 xue2	trung tiểu học		tiểu học và trung học; các trường phổ thông (vd. 中小学老师: giáo viên phổ thông)		2	56	cur-ai
了		liao3	liễu		hoàn thành/đạt được/biến thể của 瞭|了[liao3]/hiểu rõ		3	82	mt
马	馬	ma3	mã		ngựa/quân mã trong cờ tướng/quân mã trong cờ vua/Lượng từ: 匹 (pǐ)		3	68	mt
按		an4	án		nhấn/đẩy/để sang một bên hoặc gác lại/kiểm soát/kiềm chế/đặt tay lên/kiểm tra hoặc tham khảo/theo/dựa vào/(của biên tập viên hoặc tác giả) đưa ra bình luận		3	66	mt
行		hang2	hàng	hạng	hàng/dòng/công ty thương mại/ngành kinh doanh/nghề/xếp hạng (nhất, hai, v.v.) trong anh chị em (theo tuổi)/(trong bảng dữ liệu) hàng/(Đài Loan) cột		3	66	mt
按照		an4 zhao4	án chiếu		theo/dựa theo/chiếu theo/dựa trên		3	65	mt
电视台	電視台	dian4 shi4 tai2	điện thị đài		đài truyền hình/Lượng từ: 个 (gè)		3	64	mt
后面	後面	hou4 mian5	hậu diện		phía sau; phía đuôi; đoạn cuối/đằng sau; gần cuối; ở phía sau/sau này; sau đó		3	63	mt
乐	樂	le4	lạc		vui/vui vẻ/cười		3	62	mt
庆祝	慶祝	qing4 zhu4	khánh chúc		ăn mừng		3	61	mt
步		bu4	bộ		một bước/nhịp bước/đi/bước đi/các giai đoạn trong một quá trình/tình huống		3	60	mt
长城	長城	Chang2 cheng2	Trường Thành		Vạn Lý Trường Thành		3	56	pn,mt
跑步		pao3 bu4	bào bộ		chạy/chạy bộ/(quân đội) diễu hành nhanh		3	52	mt
老头儿	老頭兒	lao3 tou2 r5	lão đầu nhi		xem 老頭子|老头子[lao3 tou2 zi5]		3	36	usedin,mt
而		er2	nhi		và/cũng như/và do đó/nhưng (không)/mà (không)/(biểu thị quan hệ nhân quả)/(biểu thị thay đổi trạng thái)/(biểu thị sự tương phản)		4	75	mt
好		hao4	hiếu		thích; có khuynh hướng; dễ		4	70	mt
了解		liao3 jie3	liễu giải		hiểu/nhận ra/tìm hiểu		4	65	mt
安		an1	an		(hình thức kết hợp) yên lặng; bình yên/làm cho yên; làm cho an tâm/an toàn; chắc chắn; khoẻ mạnh/hài lòng; thoả mãn (như trong 安於|安于[an1 yu2])/đặt (ai đó) vào vị trí phù hợp (công việc)/lắp đặt; sửa chữa; lắp vào/đưa ra (cáo buộc chống lại ai đó)/ấp ủ (ý định nào đó)/ampe (viết tắt của 安培[an1 pei2])		4	60	mt
学术	學術	xue2 shu4	học thuật		học thuật/khoa học/Lượng từ: 个 (gè)		4	58	mt
江		jiang1	giang		sông/Lượng từ: 条 (tiáo), 道 (dào)		4	55	mt
暗		an4	ám		tối/trở nên tối/bí mật; ẩn/(văn học) mơ hồ; ngu muội		4	55	mt
暗示		an4 shi4	ám thị		gợi ý; đề nghị		4	54	mt
了不起		liao3 bu5 qi3	liễu bất khởi		kinh ngạc/tuyệt vời/phi thường		4	52	mt
学者	學者	xue2 zhe3	học giả		học giả		5	58	mt
骂	罵	ma4	mạ		mắng/chửi/rủa/Lượng từ: 通 (tòng), 顿 (dùn)		5	56	mt
饮食	飲食	yin3 shi2	ẩm thực		ăn uống/đồ ăn và thức uống; chế độ ăn		5	53	mt
按摩		an4 mo2	án ma		mát-xa/xoa bóp		5	50	mt
尝	嚐	chang2	thường		nếm; trải nghiệm (biến thể của 嘗|尝[chang2])		5	47	mt,nostroke
岸		an4	ngạn		bờ; bãi; bờ biển; bờ sông/Lượng từ: 个 (gè)		5	47	mt
尽可能	盡可能	jin4 ke3 neng2	tận khả năng		xem 儘可能|尽可能[jin3 ke3 neng2]		5	45	usedin,mt
看		kan1	khán		chăm sóc/trông nom/theo dõi/canh giữ		6	64	mt
嘛		ma5	ma		trợ từ biểu thị điều gì đó hiển nhiên/trợ từ chỉ ngắt quãng để nhấn mạnh		6	56	mt
餐		can1	xan		bữa ăn/ăn/lượng từ cho bữa ăn		6	44	mt
以		yi3	dĩ		sử dụng/bằng cách/dựa theo/để/vì/vào (một ngày hoặc địa điểm nhất định)		7	64	mt
案件		an4 jian4	án kiện		vụ án/trường hợp/Lượng từ: 宗 (zōng), 桩 (zhuāng), 起 (qǐ)		7	52	mt
率		lu:4	luật		tỉ lệ/tần suất		7	50	mt
率		shuai4	suất	soái|suý|soát	dẫn dắt/chỉ huy/bộp chộp/vội vàng/thẳng thắn/thật thà/nói chung/thường thường		7	48	mt
海岸		hai3 an4	hải ngạn		thuộc ven biển/bờ biển		7	46	mt
盗	盜	dao4	đạo		ăn trộm/cướp/bóc lột/tên trộm/kẻ cướp/kẻ cướp bóc		7	46	mt
学说	學說	xue2 shuo1	học thuyết		lý thuyết/học thuyết		7	44	mt
食用		shi2 yong4	thực dụng		ăn; tiêu thụ/có thể ăn được		7	44	mt
暂	蹔	zan4	tạm		chạy vội/biến thể của 暫|暂[zan4]		7	44	mt,nostroke
感激		gan3 ji1	cảm kích		biết ơn/cảm kích/cảm ơn		7	44	mt
迎		ying2	nghênh		chào đón; gặp/gặp khó khăn mà tiến lên; gặp mặt trực tiếp		7	43	mt
学士	學士	xue2 shi4	học sĩ		bằng cử nhân/người có bằng đại học		7	42	mt
狂欢	狂歡	kuang2 huan1	cuồng hoan		tiệc tùng/nhậu nhẹt/vui nhộn/hân hoan/ăn chơi/no say		7	42	mt
麻		ma2	ma		tên gọi chung cho cây gai, lanh, v.v./sợi gai hoặc lanh dùng làm vật liệu dệt/vừng/(vật liệu) thô hoặc xù xì/rỗ/chỗ lõm/cảm giác tê hoặc ngứa ran/cảm thấy tê/Lượng từ: 缕 (lǚ)		7	41	mt
品尝	品嚐	pin3 chang2	phẩm thường		nếm một chút/nếm thử		7	41	mt,nostroke
念书	念書	nian4 shu1	niệm thư		đọc/học		7	39	mt
学子	學子	xue2 zi3	học tử	học tý	(văn học) học sinh/học giả		7	39	mt
葱	蔥	cong1	thông		hành lá/hành xanh		7	38	mt
效仿	傚仿	xiao4 fang3	hiệu phỏng	hiệu phảng	xem 仿傚|仿效[fang3xiao4]		7	32	usedin,mt
无可厚非	無可厚非	wu2 ke3 hou4 fei1	vô khả hậu phi		xem 未可厚非[wei4 ke3 hou4 fei1]		7	30	usedin,mt
的		di4	đích		(hình thức kết hợp) hồng tâm; mục tiêu			75	mt
的		di2	đích		thực sự và thật lòng			75	mt
的		di1	đích		xe taxi; xe cab (viết tắt của 的士[di1 shi4])			74	mt
和	龢	he2	hoà		biến thể cũ của 和[he2]/hoà hợp			69	mt,nostroke
了	瞭	liao3	liễu		(mắt) sáng/rõ ràng/hiểu rõ			68	mt
和		He2	Hoà		họ [He2]			68	pn,mt
你	妳	ni3	nhĩ		bạn (Lưu ý: Ở Đài Loan, 妳 được dùng để chỉ nữ giới, nhưng ở Trung Quốc đại lục, từ này không phổ biến. Thay vào đó, 你 được dùng cho cả nam và nữ.)			67	mt
这	這	zhei4	giá		(khẩu ngữ) này; đây (cách đọc zhèi của 这, hay gặp trước số từ và lượng từ, vd. 这个: cái này)			67	cur-ai,hvlow
也		Ye3	Dã		họ [Ye3]			67	pn,mt
年	秊	nian2	niên		ngũ cốc/mùa thu hoạch (cũ)/biến thể của 年[nian2]			66	mt,nostroke
中		Zhong1	Trung		(hình thức kết hợp) Trung Quốc; tiếng Trung/họ [Zhong1]			66	pn,mt
年		Nian2	Niên		họ [Nian2]			66	pn,mt
和		he4	hoạ		làm thơ hoạ (đáp lại bài thơ của ai đó) sử dụng cùng một vần/tham gia hát/hoà giọng với người khác			66	mt
一个	一個	yi1 ge5	nhất cá		một; một cái; một người… (một + lượng từ 个, vd. 一个人: một người; 一个苹果: một quả táo)/cả; suốt (vd. 一个下午: cả buổi chiều; 一个暑假: suốt kỳ nghỉ hè)			66	cur-ai
说	說	shui4	thuyết	thuế	thuyết phục			66	mt
和		hu2	ù	hồ	hoàn thành một bộ trong mạt chược hoặc bài lá			65	mt
和		huo2	hoà		kết hợp chất bột (bột mì, thạch cao, v.v.) với nước/tiếng Đài Loan đọc là [huo4]			65	mt
和		huo4	hoà	hoạ	trộn (các nguyên liệu) với nhau/phối hợp/lượng từ cho số lần xả quần áo/lượng từ cho số lần sắc thuốc			65	mt
中		zhong4	trúng		trúng (đích)/bị trúng/chịu/trúng (giải, xổ số)			64	mt
后		hou4	hậu		hoàng hậu/nữ hoàng/(cổ đại) quân vương/người cai trị			63	mt
都		du1	đô		thủ đô/thành phố lớn			63	mt
后		Hou4	Hậu		họ [Hou4]			63	pn,mt
吗	嗎	ma2	ma		(thông tục) gì?			62	mt
都		Du1	Đô		họ [Du1]			62	pn,mt
以		Yi3	Dĩ		viết tắt của Israel 以色列[Yi3 se4 lie4]			62	pn,mt
里		li3	lý		dặm, đơn vị đo chiều dài cổ, xấp xỉ 500 m/khu xóm/đơn vị hành chính cổ gồm 25 gia đình/(Đài Loan) lý, đơn vị hành chính giữa cấp thị trấn 鎮|镇[zhen4] và khu phố 鄰|邻[lin2]			61	mt
里		Li3	Lý		Lý (họ)			60	pn,mt
它	牠	ta1	tha		nó (đại từ chỉ con vật)			60	cur-ai
那		nuo2	na		(cổ) nhiều/đẹp/làm sao/biến thể cũ của 挪[nuo2]			60	mt
那		Na1	Na		họ [Na1]			60	pn,mt
