那		Nuo2	Na		họ [Nuo2]			60	pn,mt
三		San1	Tam		họ [San1]			59	pn,mt
上		shang3	thướng		dùng trong 上聲|上声[shang3 sheng1]			57	usedin,mt
吗	嗎	ma3	ma		dùng trong 嗎啡|吗啡[ma3 fei1]			57	usedin,mt
东西	東西	dong1 xi1	đông tây		đông và tây			56	mt
国	國	Guo2	Quốc		họ [Guo2]			56	pn,mt
个	個	ge3	cá		dùng trong 自個兒|自个儿[zi4 ge3 r5]			56	usedin,mt
一下		yi1 xia4	nhất hạ		(dùng sau động từ) thử xem/làm (gì đó một chút để thử)/một lần/một lúc/thỉnh thoảng/đột nhiên/tất cả cùng lúc			55	mt
大		dai4	đại		xem 大夫[dai4 fu5]			54	usedin,mt
马	馬	Ma3	Mã		họ [Ma3]/viết tắt của Malaysia 馬來西亞|马来西亚[Ma3 lai2 xi1 ya4]			54	pn,mt
回	迴	hui2	hồi		cong/quay lại/xoay vòng			54	mt
路		Lu4	Lộ		họ [Lu4]			54	pn,mt
听		yin3	dẫn		cười (cổ đại)			53	mt
书	書	Shu1	Thư		viết tắt của 書經|书经[Shu1 jing1]			53	pn,mt
回		Hui2	Hồi			Hui ethnic group (Chinese Muslims)		53	pn,en
干		gan1	can		(dạng kết hợp) liên quan đến; quan tâm đến/một trong mười thiên can 天干[tian1 gan1]/(cổ) cái khiên			53	mt
干	乾	Gan1	Can		họ [Gan1]			53	pn,mt
干		Gan1	Can		họ [Gan1]			53	pn,mt
水		Shui3	Thuỷ		họ [Shui3]			53	pn,mt
跑		pao2	bào		(động vật) cào (mặt đất)			52	mt
家	傢	jia1	gia		dùng trong 傢伙|家伙[jia1 huo5] và 傢俱|家俱[jia1 ju4]			51	usedin,mt
东	東	Dong1	Đông		họ [Dong1]			51	pn,mt
西		Xi1	Tây		phương Tây/viết tắt của Tây Ban Nha 西班牙[Xi1 ban1 ya2]/tiếng Tây Ban Nha			51	pn,mt
读	讀	dou4	đậu		dấu phẩy/cụm từ được ngắt bởi quãng dừng			51	mt
一家		yi1 jia1	nhất gia		cả gia đình/cùng một gia đình/gia đình ... (khi đứng trước là họ)/nhóm			50	mt
南		Nan2	Nam		họ [Nan2]			50	pn,mt
云		yun2	vân		(văn cổ) nói			50	mt
案		an4	án		(pháp lý) vụ việc/sự cố/hồ sơ/tài liệu/bàn			50	mt
云	雲	Yun2	Vân		họ [Yun2]/viết tắt của tỉnh Vân Nam 雲南省|云南省[Yun2 nan2 Sheng3]			50	pn,mt
言		yan2	ngôn		từ/ngôn từ/nói/trò chuyện			50	mt
山		Shan1	Sơn		họ [Shan1]			49	pn,mt
嘛		ma2	ma		dùng trong 唵嘛呢叭咪吽[an3 ma2 ni2 ba1 mi1 hong1]/(Đài Loan) (thông tục) gì?			49	mt
安		An1	An		họ [An1]			49	pn,mt
白		Bai2	Bạch		họ [Bai2]			49	pn,mt
球	毬	qiu2	cầu			ball used for playing games (variant of 球[qiu2])		48	en,nostroke
义	義	yi4	nghĩa		công lý/chính nghĩa/ý nghĩa/nuôi dưỡng (cha, v.v.)/nhận nuôi/nhân tạo (răng, chi, v.v.)/mối quan hệ/tình bạn			48	mt
儿	兒	r5	nhi		hậu tố giảm nhẹ không thành âm/ngữ âm uốn lưỡi			48	mt
海		Hai3	Hải		họ [Hai3]			48	pn,mt
班		Ban1	Ban		họ [Ban1]			48	pn,mt
左		Zuo3	Tả		họ [Zuo3]			48	pn,mt
意		yi4	ý		ý tưởng/ý nghĩa/suy nghĩ/nghĩ/mong muốn/khao khát/dự định/mong đợi/dự kiến			48	mt
义	義	Yi4	Nghĩa		họ [Yi4]/(Đài Loan) viết tắt của 義大利|义大利[Yi4da4li4], Ý			48	pn,mt
乐	樂	Le4	Lạc		họ [Le4]			47	pn,mt
平		Ping2	Bình		họ [Ping2]			47	pn,mt
喝		he4	hét		hô			47	mt
你好		ni3 hao3	nễ hảo		xin chào/chào			47	mt
贵	貴	Gui4	Quý			short name for Guizhou 貴州|贵州[Gui4 zhou1]		46	pn,en
行		heng2	hạnh		dùng trong 道行[dao4 heng2]			46	usedin
儿	兒	er2	nhi		đứa trẻ/con trai			46	mt
烟	菸	yan1	yên			tobacco (variant of 煙|烟[yan1])		46	en
南		na1	nam		dùng trong 南無|南无[na1 mo2]/phiên âm Đài Loan [na2]			46	usedin
谢	謝	xie4	tạ		cảm ơn/xin lỗi/(hoa, lá, v.v.) tàn/lụi tàn			46	mt
乐	樂	yue4	nhạc		âm nhạc			45	mt
呆	獃	dai1	ngai	ngốc		foolish; stupid (variant of 呆[dai1])/expressionless; blank (variant of 呆[dai1])		45	en,nostroke
步		Bu4	Bộ		họ [Bu4]			45	pn,mt
嗯		en1	ân		(âm thanh rên rỉ)			45	mt
嗯		en4	ân		(tiếng hừ không lời như thán từ)/OK, ừ/hả?			45	mt
嗯		en5	ân		thán từ biểu thị sự tán thành, đánh giá cao hoặc đồng ý			45	mt
谢	謝	Xie4	Tạ		họ [Xie4]			45	pn,mt
雨		yu4	vũ		(văn học) mưa/(mưa, tuyết, v.v.) rơi/rơi xuống/làm ướt			45	mt
乐	樂	Yue4	Nhạc		họ [Yue4]			45	pn,mt
六		lu4	lục		dùng trong place names			45	usedin
百		Bai3	Bách		họ [Bai3]			44	pn,mt
节	節	jie1	tiết		xem 節骨眼|节骨眼[jie1 gu5 yan3]			44	usedin,mt
俺		an3	yêm		tôi (phương ngữ miền Bắc)			44	mt
暗	闇	an4	ám		(văn học) đóng (cửa)/che khuất/mơ hồ; không biết (biến thể của 暗[an4])/tối (biến thể của 暗[an4])			44	mt,nostroke
江		Jiang1	Giang		họ [Jiang1]			44	pn,mt
春		chun1	xuân		mùa xuân/vui tươi/hân hoan/trẻ trung/tình yêu/dục vọng/sự sống			43	mt
兴	興	xing4	hứng		cảm giác hoặc khao khát làm gì đó/hứng thú với điều gì/phấn khích			43	mt
雪		Xue3	Tuyết		họ [Xue3]			43	pn,mt
春		Chun1	Xuân		họ [Chun1]			43	pn,mt
是	昰	shi4			biến thể của 是[shi4]			42	var,mt,nostroke
绿	綠	lu4	lục		dùng trong names			41	usedin
兴	興	xing1	hưng		trỗi dậy/phát triển/thịnh hành/bắt đầu/khích lệ/ngủ dậy/(thường dùng trong câu phủ định) cho phép hoặc đồng ý (tiếng địa phương)/có lẽ (tiếng địa phương)			41	mt
医	醫	yi1	y		y học/y tế/bác sĩ/chữa trị/điều trị			41	mt
律		lu:4	luật		luật			41	mt
兴	興	Xing1	Hưng		họ [Xing1]			41	pn,mt
西安		Xi1 an1	Tây An		Tây An, thành phố cấp phó tỉnh và là thủ phủ của tỉnh Thiểm Tây 陝西省|陕西省[Shan3 xi1 Sheng3] ở tây bắc Trung Quốc/xem 西安區|西安区[Xi1 an1 Qu1]			41	pn,usedin,mt
律		Lu:4	Luật		họ [Lu:4]			40	pn,mt
安徽		An1 hui1	An Huy		Tỉnh An Huy, tên gọi tắt 皖[Wan3], thủ phủ Hợp Phì 合肥[He2 fei2]			39	pn,usedin,mt
乐	樂	lao4	lạc		dùng trong place names			39	usedin,hvlow
平安		Ping2 an1	Bình An		xem 平安區|平安区[Ping2 an1 Qu1]			39	pn,usedin
和	咊	he2	hoà		biến thể cũ của 和[he2]			39	var,mt,nostroke
麻	蔴	ma2	ma		biến thể của 麻[ma2]/cây gai			39	mt,nostroke
了	瞭	liao4	liêu		biến thể không chính thức của 瞭[liao4]			38	var,mt
冬		dong1	đông		mùa đông			38	mt
冬	鼕	dong1	đông		(tượng thanh) đánh trống/thùng thùng			38	mt
麻		Ma2	Ma		họ [Ma2]			38	pn,mt
学生会	學生會	xue2 sheng5 hui4	học sinh hội		hội sinh viên			38	mt
冬		Dong1	Đông		họ [Dong1]			38	pn,mt
岸边	岸邊	an4 bian1	ngạn biên		bờ			37	mt
骂人	罵人	ma4 ren2	mạ nhân		chửi rủa hoặc nguyền rủa (người)/mắng hoặc la mắng ai đó			36	mt
说	説	shuo1	thuyết		biến thể của 說|说[shuo1]			36	var,mt,nostroke
个	箇	ge4	cá		biến thể của 個|个[ge4]			34	var,mt,nostroke
谢意	謝意	xie4 yi4	tạ ý		lòng biết ơn/cảm ơn			33	mt
以	㕥	yi3			biến thể cũ của 以[yi3]			32	var,mt,nostroke
以	㠯	yi3	dĩ		biến thể cũ của 以[yi3]			32	var,mt
致谢	致謝	zhi4 xie4	trí tạ		bày tỏ lòng biết ơn/cảm ơn/thư cảm ơn/lời cảm ơn			32	mt
里	裏	li3	lý		trong; bên trong; phía trong/(đặt sau danh từ, chỉ nơi chốn) trong… (vd. 房间里: trong phòng)/lớp lót; mặt trong (áo, chăn…)			31	var,cur-ai
那		na3	nả		biến thể của 哪[na3]			30	var,mt
吃	喫	chi1	khiết		biến thể của 吃[chi1]			27	var,mt,nostroke
话	諙	hua4	thoại		biến thể cũ của 話|话[hua4]			27	var,mt,nostroke
了解	瞭解	liao3 jie3	liễu giải		hiểu/nhận ra/tìm hiểu			24	var,mt
回	逥	hui2			biến thể của 迴|回[hui2]			24	var,mt,nostroke
干	乹	gan1	can		biến thể cũ của 乾|干[gan1]			23	var,mt
干	亁	gan1	can		biến thể của 乾|干[gan1]			23	var,mt,nostroke
电视台	電視臺	dian4 shi4 tai2	điện thị đài		đài truyền hình/Lượng từ: 个 (gè)			20	var,mt
骂	駡	ma4	mạ		biến thể của 罵|骂[ma4]			18	var,mt,nostroke
呣		m2	mô		thán từ biểu thị câu hỏi			17	mt
呣		m4	mô		thán từ biểu thị sự đồng ý/ừm			17	mt
暗	晻	an4	ám		biến thể của 暗[an4]			14	var,mt,nostroke
春	旾	chun1	xuân		biến thể cũ của 春[chun1]			13	var,mt,nostroke
岸	㟁	an4			biến thể của 岸[an4]			9	var,mt,nostroke
乾		qian2	càn	kiền	một trong Bát Quái 八卦[ba1 gua4], tượng trưng cho trời/nguyên lý nam/☰/hướng la bàn cổ đại Trung Quốc: 315° (tây bắc)			0	mt
AA制		AA zhi4				to split the bill; to go Dutch		0	en
乾		Qian2	Càn	Kiền	họ [Qian2]			0	pn,mt
乾	乹	qian2	càn	kiền	biến thể cũ của 乾[qian2]			0	var,mt
乾	亁	qian2	can		biến thể của 乾[qian2]			0	var,mt,nostroke
